kalimat,label
bocah kuwi seneng nggambar sesawangan sing asri,ngoko
ing wayah sore biasane siti sinau kangmase maca koran lan adhine dolan neng pekarangan,ngoko
mbakyune seneng nglangi nanging adhine ora seneng,ngoko
ibu kuwi ngendikakake yen putrane mbarep wis nyambut gawe,ngoko
nonton tivi bisa njembarake kawruh nanging uga bisa nyebabake kesed yen anggone nonton nyandu,ngoko
yen kowe sinau basa kudu tlaten lan sregep latihan,ngoko
generasi mudha saiki luwih kulina ngomong nganggo basa indonesia katimbang nganggo basa jawa,ngoko
bapak tindak menyang surabaya,ngoko
adhine sinau neng perpustakaan,kramainggil
ibu maringi aku kalung,ngoko
dheweke arep manggon neng asrama,ngoko
dheweke turu neng hotel,ngoko
bocah kuwi nyambut gawe karo guyon,ngoko
dheweke mlaku kanthi alonalon,kramainggil
tukokna buku ya ora diwaca,ngoko
jupukna wedang ya ora diombe,ngoko
mau anakmu turokna neng kamar ora kebribinen,ngoko
berase mau wadhahna karung ora mamitmawut,ngoko
kandhanana ya ora kapok dasar bocah nakal,ngoko
wenehana dhuwit ya ora gelem,ngoko
wingi ombenana banyu tawa rak malah urip,ngoko
mau sangonana rak ya gelem,ngoko
dalane ambakke,ngoko
kembange pethiki,ngoko
kunceni lawange,ngoko
resiki mejane,kramainggil
tekateka wis rampungan kabeh,ngoko
tangitangi bareng wis jam pitu,ngoko
weruhweruh dheweke wis ana kene,ngoko
wis bengikok durung mulihmulih,ngoko
ngombengombe es ki mbok mengko yen wis awan,ngoko
lerenleren kuwi mbok mengko yen gaweane wis rampung,ngoko
mumpung sela mbok adusadus dhisik,ngoko
yen ngelak mbok ngombengombe kana,ngoko
dheweke mbukak lawang,ngoko
adhikku nggawa kranjang blanjan,ngoko
ibu nukokake komputer adhikku,kramainggil
simon njupukake klambi anake,ngoko
budhe sri nggawekake jenang sumsum bapak,ngoko
yu walidah dodolan tempe,kramainggil
ibu lagi olah iwak,ngoko
mbah satinem lagi ider jangan,kramainggil
bojone mlakumlaku,madya
simin ngampleng kancane,madya
daginge diiris tipistipis,kramainggil
anake kwalon diopeni kanthi apik,ngoko
klambine dijahitake neng penjahit abadi,kramainggil
anake dakwenwehi dhuwit,ngoko
piringe sing anyar taktibake,ngoko
rene bukune takwacakne,madya
wis anakmu takopenane,ngoko
gethukku kokpangan ta,kramainggil
anakmu aja kokturokake kono,ngoko
bukuku sing ilang wis ketemu,ngoko
kembange kajupuk dening putri ambarwati,ngoko
raden gathotkaca kaparingan pusaka dening ingkang rama,kramainggil
tamune kalenggahake neng pendhapa,madya
pusaka mau lumepas saka astane,ngoko
kita kudu mongkinemong antarane siji lan sijine,ngoko
aku karo dheweke kuwi isih ana sesambungan kula warga,ngoko
sarasehan bisa dadi wadhah tukar kawruh antarane para rawuh,ngoko
para panyarta lomba kudu bisa adu pinter,ngoko
yen kepingin apik ya kudu padhapadha ngalah,ngoko
saduninge jam papat sore dheweke mesthi wis adus,ngoko
merga kesel dheweke ngasokake awak,ngoko
maca kuwi bisa mjembarake kawruh,ngoko
kakehan nginum bisa ngrusak kasarasaning badan,ngoko
ndedonga utawa nenuwun kudu linambaran ati kang manteb,ngoko
taun iki pamarentah ngundhakake rega bensin,ngoko
saben dina dheweke mangan sarta turu ing omahe pak harnowo,ngoko
urang windu mau bakal diekspor menyang hongkong,ngoko
saben esuk pak hamid nyoba nyopir,kramainggil
dheweke ora ngulinakake ceceleng utawa keklumpuk,ngoko
bu santi ngajari nggamel muridmuride,kramainggil
kejaba parjilan muride pak haryono sregepsregep,ngoko
jambune cilikcilik amarga wite ora tau dirabuk,ngoko
pelamar sing pinterpinter ditampa ing kantor puspitek,ngoko
daging sing tipistipis mau dimasak bestik,ngoko
wis adohadoh malah dikon bali,ngoko
sirahku ngelungelu jalaran kerep kurang turu,ngoko
saben kentekan obat sirahku mumatmumet,ngoko
bocah saiki yen dikon sinau racake klelarkleler,ngoko
wong kuwi omongane klemakklemek yen diajak guneman,ngoko
kathok wis rowakrawek wae isih dienggo neng endiendi,ngoko
wingi sore tami mbebeda adhine nganti kekejer,ngoko
pak kartono tau ngajar tanggane nganti kekejek,ngoko
sanajan pinter banget surono ora tau kuminterpinter,ngoko
sawise lara matauntaun ragane pak kartijo mentelas,ngoko
letnan surojo ora angkuh babar pisan,ngoko
ula kang duawa mau dicekel banjur dilebokake ing karung,ngoko
dheweke kudu tumindak sajujurjujure supaya dipercaya dening masarakat,ngoko
surtinah ora bisa mlaku rikat amarga awake kelemon,ngoko
wetenge haryani mules amarga olehe mangan sambel kakehan,ngoko
sawise duwe anak kulawargane karmani saya tentrem,ngoko
rega emas saya suwe saya larang,ngoko
saiki dheweke rada kuru amarga kurang mangan,ngoko
godhong gedhang mau wernane semu kuning amarga kena sunaring rembulan,ngoko
pekarangane pak daliyo padha jembare karo lapangan,ngoko
sartono luwih pinter katimbang adhine,ngoko
piyambake criyos yen tiyang sepuhe mboten saged tindak mriki,madya
balai bahasa provinsi diy dumugi samangke taksih angleksanakaken visi lan misi ingkang sampun dipuntemtokaken inggih menika andadosaken punjering informasi ingkang lengkap lan dados layanan ingkang sae ing bab basa lan sastra mliginipun wonten daerah istimewa yogyakarta utawi saged ugi wonten indonesia,madya
bukubuku ingkang kacithak kadosta buku ingkang asesirah ngoko krama anggitanipun suwadji menika ngemot bab tembungtembung ngoko ingkang wonten kramanipun krama inggilipun utawi krama andhapipun,kramainggil
inggih awit saking bab punika basa jawi lajeng ketingal boten kados samestinipun,madya
malah saperangan masyarakat mliginipun para nemneman sami ajrih ngginakaken basa jawi kuwatos menawi dados gegujenganipun tiyang sanes,madya
umpaminipun tembung sumur gelas lan kursi,kramainggil
apa tegese tembung ngoko,ngoko
lire yen tembung ngoko kena tegese ora ngurmati tembung krama mengku teges ngurmati utawa luwih ngajeni,ngoko
cethane meneh tembung beda karo basa,ngoko
adhedhasar undhausuk panganggone sing pokok basa jawa dipilahke dadi rong tataran yaiku basa ngoko lan basa krama,ngoko
tembung ngoko iku cacahe akeh banget malah kena diarani akeh dhewe ing antarane tembungtembung liyane,ngoko
saperangan bisa dititeni sarana titikan kaya sing wis diterangake ing dhuwur dene tembung krama sing liyane ditentokake adhedhasar panganggepe masyarakat,ngoko
tetelune dianggep ora mathuk yen dianggo guneman ing basa jawa sing samestine awit ana tembung liyane sing dianggep luwih mapan utawa luwih becik,ngoko
mula saka iku cacahe tembunge winates upamane ing tembungtembung sing mretelakake pakaryan sare dhahar wungu perangane awak grana asta rikma tata pernah panjenengan rayi eyang barang darbe utawa panganggo dalem asma lancingan,kramainggil
mung bae beda carane,ngoko
contone matur nyuwun lan nyaosi,kramainggil
mula saka iku basa krama kena dibedakake antarane sing alus lan sing kurang alus,ngoko
ing pamulangan basa krama dipilahpilahake dadi telung tataran yaiku saka ngisor mendhuwur wredha krama kramantara lan mudha krama,ngoko
rancake masyarakat wis padha ngerti sing diarani tembungtembung iku nanging sing akeh dheweke dimangerteni yaiku tembung ngoko,ngoko
bab iku jumbuh karo arane tembung krama inggil yaiku krama kanggo aweh pakurmatan marang wong sing dikarepake kanthi cara ngluhurake wong iku inggil dhuwur luhur,ngoko
cacahe tataran pancen kepetung akeh,ngoko
mung bae perlu dimangerteni yen tembung basa ing pasrawungan padha tegese karo tembung krama,ngoko
wujude tembung krama andhap uga ora beda karo wujude tembung krama inggil sing wis diterangake ing dhuwur,ngoko
semana uga ancas panggonane ora beda karo tembung sing pantes kinurmatan utawa ingajenan,ngoko
mangke sonten menawi siyos kula badhe kesah dhateng surabaya,madya
tembung krama inggil digunakake kanggo ngluhurake wong sing dikarepake dene tembung krama andhap digunakake kanggo ngasorake dhiri pribadine wong sing guneman utawa sing ngurmati andhap cendhek asor,ngoko
para warga padha metu karo nggawani sampah sing wis dipisah antarane sampah teles lan sampah garing ing sajroning bak sampah cecep gaweane luwih enteng amarga wis didhewekake sampahe dheweke ora perlu antri,ngoko
pramila putranipun ingkang asma drestarastraramanipun para korawa miyosipun wuta,kramainggil
sira banjur didangu sarupaning kabungahan paparinging allah nalika ing donya ya gene ora padha syukur,ngoko
temone ing kana wujud prasasti watu,ngoko
saderengipun perang dunia ii radio komersial lan radio umum ingkang saged dipunoperasikaken ing prancis,madya
semana uga ing saperangan perkutut kagem bapak,ngoko
kriteria punika kedah dipunterapaken ing konsekuensikonsekuensi ingkang timbul saking putusanputusan etis,madya
paulus nyebut dheknene minangka rasul kanggo bangsabangsa nonyahudi roma,ngoko
jenenge disebutake kaping ing alquran,ngoko
tuladha sepira dhuwurmu,ngoko
ngudhunake tekanan darah,madya
punika nampung tradhisi lawas saking aturan institusi gabungan ing swiss,ngoko
surah allahab utawa almasad iku surat nomer sajeroning alquran,ngoko
miturut american opera association rigoletto inggih punika opera nomer ingkang paling asring dipuntontonaken ing amerika utara,madya
presidhen indonesia,madya
dina abasa bali adate lumaku mligi ing tataran pamulangan,ngoko
aspnet saged minangka mdhar piguna bisnis ing partner lumantar protokol web standar,madya
pamarentahanipun dipunlengseraken rakyat wonten ing revolusi people power kekiyatan rakyat ingkang dipunkenal kanthi jejuluk revolusi edsa ii,madya
potter asring nggatosaken kewankewan punika ngantos pintenpinten jam lan damel gambaripun,madya
nelson mandela presidhen afrika selatan,madya
sastra dan religiositas mimpangaken bebingah buku nonfiksi paling sae taun,madya
lumantar mantri luar negeri alwi shihab presidhen gagal nyegah prekawis punika dhateng pulisi,madya
minangka goon red seranganipun inggih punika serangan ingkang rikat sanget lan rencangipun inggih punika speedor,madya
gunggung subunit isa macemmacem malah ning sel kang padha contone ning salmonella kang gunggung subunite antara utawa,ngoko
nalika ing jakarta robby kenalan banjur dadi murid prajudi,ngoko
dipunbikak taun kanthi kursi,kramainggil
tembang she dadi puncak tangga tembang britania,ngoko
sawijining jalur kaping kalih jalur b kanthi arah lor wetan dumugi kidul kulon dipunjadwalaken dipunbikak taun,madya
momotan seri yaiku penumpang,kramainggil
kahanan kekirangan woh iki diterangna nggunakake jinis lan pathokan tanduran langka miturut iucn red list category tanggal november,ngoko
saben makluk bakal mati lan ing akhirat bakal dijaluki tanggung jawab prakara amalanamalane,ngoko
perusahaan dodge bersaudara tiba ing asta istriistri punika ingkang lajeng ngangkat frederick haynes dados presidhen perusahaan mau,kramainggil
tiga taun lajeng jockie nggabung malih kaliyan god bless,madya
para panantang iki mutusake yen beya ekonomi kang diperlokake kanggo nindak protokol kyoto isa ngancik milyar dollar as mligi disebabake dening beya energi,ngoko
yen dideleng saka cara tumindake eutanasia isa dibagi dadi telung bagean yaiku eutanasia agresif eutanasia nonagresif lan eutanasia pasif,ngoko
allah wis ndokok aku ing indonesia,ngoko
pungkasanipun taun piyambakipun dipunangkat minangka anggota asing royal society ing london,madya
train grande vitesse dicekak tgv iku sepur rikat prancis basa prancis train grande vitesse kang tegese sepur rikat,ngoko
kasunyatane nalika semana wadya bala aceh wis diantemi bali dening portugis,ngoko
milyar ing dhesember,madya
dheweke wis tau njabat kepala inspeksi kebudayaan ing sumatera,ngoko
karyane kang paling wigati yaiku trilogi cinta,ngoko
kanthi ulah raga dikarepake para prajurit dadi tangkas lan sregep ing perang,ngoko
ingkang kapisanan inggih punika analisisipun babagan tumindak ngirit kluwarga,madya
tembang punika dipunbektakaken dening tommy edwards lan dados nomer sing misuwur ing taun,ngoko
eat ngambakake kegiyatane kanthi ngleboni tataran kontrak karo dhl worldwide express taun,ngoko
warnane putih lan bening,kramainggil
sauntara ing provinsi papua dingerteni sebutan peraturan laladan khusus lan peraturan laladan provinsi,madya
bbc gjorge ivanov mimpang pemilu presidhen ing makedonia,madya
piyambakipun tiyang warga nagari argentina,madya
nganti ing sawijining dina pak surya ketemu karo sarah,ngoko
pesawat punika dipunsertifikasi kapisan taun,kramainggil
israel lan arab sarujuk gencatan senjata,madya
panjenenganipun miyos kanthi asma asli joko widodo,kramainggil
ing somalia misi perdamaian pbb dipunpungkasi,kramainggil
kanthi tetulung kabeh mau count dracula isa dirantas,ngoko
dene piyambakipun ngolah bakal ingkang strategis kangge kapentingan rakyat ngendikanipun endriartono,madya
euryarchaeota isa urip ing lingkungan ekstrem,kramainggil
koizumi mundur ana ing tanggal september lan sakpungkasane digantiake abe,kramainggil
nalika taun danau sentarum dikukuhake dadi taman nasional,ngoko
hasan tegese gagah ing basa arab,kramainggil
ananging indhustri permata dubai punika nglampahi dampak saking perang donya i lajeng depresi gedhe ing taun an,madya
ing maret dheweke nyetak rong gol nglawan real sociedad,madya
taun dheweke nglakokake reorganisasi persis kang ngalami kevakuman awit jaman pendudukan jepang lan perang kemerdekaan,kramainggil
maskape iki ngoperasikake jaringan penerbangan tumuju tujuan ing nagara kalebu penerbangan jarak adoh tumuju afrika timur tengah lan barat,ngoko
maskape iki wujud anggota european low fares airline association elfaa,ngoko
ing taun an aznavour sukses ing britania raya,madya
bapake yaiku pengacara,ngoko
nganggo perawatan kang apik kurang saka mati,ngoko
tanggal september panjupukan gambar ing pasadena,madya
burger vegetarian kadangkadang dadi panganan vegan,ngoko
kelinci mangsuli oh kuwi swara manuk crekcrek saka gunung crekcrek ing kana,ngoko
pirapira dhoktrin mbedakake antarane penembak runduk sniper lan penembak jitu marksman sharpshooter utawa designated marksman,ngoko
panambahan poin ing turnamen paling apik ing lumah suket wulan sakdurunge,ngoko
panjenenganipun dipunkenal minangka panganggit haiku paling ageng inggih punika wangun puisi ing suku kata,madya
nalika taun tembang iki uga digunakake ana ing saperangan episode ing serial tv supernatural,ngoko
akehakehe tembang shakur dipunserat nganggo kekerasan ing ghetto rasisme prakawis sosial lan kadang padudone kaliyan rapper sanes,ngoko
iki wujud jinis kanker paling umum kang ditandhang kaum wanita,ngoko
karakterkarakter punika namung muncul ingkang sakedhepan kemawon limrahipun ing film utawi serial house of mouse,madya
ushaidi diciptakake ing pungkasan taun minangka respon saking huruhara saksampune pemilu ingkang kedadosan ing kenya,madya
star movies yaiku saluran mbayar kang pertama ing india,kramainggil
hongaria kicalan teritori lan populasi nalika traktat trianon dipuntapakastani ing paris,kramainggil
wonten ing eso piyambakipun ningali perkembangan lan pembangunan very large telescope,madya
panjenenganipun terus makarya dugi taun salajengipun liwat operasi lan kemoterapi eksperimental lan remisi wulan,ngoko
iridium iku satelit komunikasi iridium amerika sarekat,ngoko
geolog inggris john michell kanthi kapisah ugi manggihaken timbangan puntir ing taun nanging piyambakipun gagal migunakaken kangge ngukur medan daya tarik bumi,madya
ing taun kapitu kudu diluwari tanpa mbayar tebusan apaapa,ngoko
markas liga arab mapan ana ing kairo,kramainggil
nalika taun panjenengane nentang aksi militer sepihak dening amerika sarekat ing irak,kramainggil
ing audhisi mau namung tiyang ingkang dipuntampi saking tiyang pelamar,madya
timur timur lan barat barat kabeh nglayani penerbangan domestik,kramainggil
rudal punika ugi gadhah kemampuan nyergap sasaranipun saking sedaya arah allaspect ing sedaya cuaca allweather sarta ing tengah pengacauan elektronis jamming,madya
abc wiwit disiarake ing tv nalika taun,kramainggil
karni aktif ing akeh organisasi wartawan,ngoko
lajeng ayahipun ngaturi piyambakipun mlebet ing tim gadahanipun piyambak ingkang ndherek lomba ing ajang formula three euroseries lan f lokal eropah,kramainggil
tetandhingan pungkasane ana ing seri a yaiku nalika nglawan inter milan tanggal april,kramainggil
nanging pidhato tanggel jawab punika dipuntolak malih lan akhiripun dipunputusaken biih ing tanggal maret badhe dipunadani sidang istimewa mprs,madya
tanggal januari pram dikabarke wis rong minggu lara ning omahe ing bojong gede bogor lan terus dirawat ing rumah sakit,ngoko
galileo galilei inggih punika bapak ageng ing hidrostatika,madya
garca mrquez kanthi umum dipuntingali minangka protagonis saking gaya sastra ingkang dipunkenal minangka realisme magis,madya
dados ing dalu punika rookie dipuneliminasi kaliyan skip sheffield dipuneliminasi amargi ing pertandhingan pro urutane sing pungkasan pertandhingan iku,madya
jamaika pungkasan oleh panggonan semifinalis taun ukraina pungkasan oleh panggonan semifinalis taun meksiko rusia lan kolombia pungkasan oleh panggonan semifinalis taun,ngoko
perusahaan dodge bersaudara pun ngerembag sukses amargi kualitasipun sae lan perusahaan punika enggal dados perusahaan ingkang penjualanipun ageng ing pasar as taun,madya
bab iki isa dideleng ing tokotoko ikea lan ing kataloge marakake pitakonan kaya kena apa ikea ngadol tanpa ngrakit utawa kena apa ikea nggawe akehakehan utawa kena apa ora biyasa,ngoko
perang salib yaiku perang salib saka obahan kang kapisah ingkang dipunwontenaken taun lan sawise kasuksesan perang salib kapisan,ngoko
wiwit lair ing pungkasan taun fakultas ing universitas hasanuddin nambah wujud pamekaran saka fakultas pertanian lan kehutanan yaiku fakultas kehutanan,ngoko
asma gestapo pertama kali dipunsebat gestapa wiwit populer saksampune pimpinanipun dipunjabat dening hermann gring panglima luftwaffe angkatan udara jerman taun,ngoko
lmu wekdal punika gadhah fasilitas akademis atletik administratif lan acara saliyane gedhong perumahan mahasiswa lan kompleks apartemen ing area kampus,madya
presidhen abraham lincoln kapilih malih ing taun ing tengahtengah kamenangan militer amerika sarekat ingkang njalarake pungkasaning perang sadherek,madya
ing taun kulawarga punika kapanggih kaliyan seorang vikaris lokal canon hardwicke rawnsley ingkang kuwatos sanget babagan efek indhustri lan turisme ing distrik lake,madya
nganti pertengahan bae as wis sumadya dana ora kurang sak milyar dollar aji nalika iku nganti nggawa implikasi ing tingkat pulitik antarane washington karo telaviv,ngoko
bab punika dipuntandhani kanthi kasuksesanipun maldini ngrebut peringkat tiga ing ballon dor versi majalah france football nalika taun lan,kramainggil
taun agum olih gelar master saka american world university salah sawijining organisasi kang dilarang beroperasi karo dikti depdiknas ing taun kerana kasus adol gelar,ngoko
piyambakipun salah satunggaling tiyang buruh pelabuhan tukang watu lan akuntan antawis taun nanging kadang kala piyambakipun ugi ndherek mendhet perangan wonten ing seminari penulis,madya
standar bus pci punika pangembanganipun dening konsorsium pci special interest group ingkang dipundhapuk dening intel corporation lan perusahaan sanesipun nalika taun,kramainggil
permainan kibor kang dadi suara khas the doors asalipun saka organ combo vox continental kang uga minangka akeh grup rock psychedelic ing era mau,ngoko
wolfson ngendikan manawi bilih satunggaling jewish encyclopedia ing basa modern dipunrencanakaken kawiwitan ing wanci punika mila pilihan punika tiba ing basa inggris,kramainggil
piyambakipun nggayuh kalungguhan minangka presidhen ing taun ngelampahi kudeta boten rahan ingkang dipunsebat revolusi edsa ii ingkang nggulingaken presidhen joseph estrada ing tengahtengah tuduhan korupsi,madya
pamaburan kapisanan ing tanggal november saka plataran calverton grumman lan prototipe pungkasan nglakokae penerbangan ing tanggal februari,ngoko
vesta wujud sabuk asteroid paling utami ingkang kadangkala ketingal tanpa piranti tambahan ing saperangan kadadosan ingkang cekap langka asteroid ingkang cedhak kaliyan bumi saged ketingal tanpa bantuan teknis pirsani apophis,madya
bronx entuk akeh arus imigran irlandia jerman yahudi lan italia sawise pedunungan pedesaane meledak antawis pertengahan abad kaping lan,ngoko
pas jamane audisi the x factor niall tau ngomong kaya ngene umurku taun lan aku pengen duwe jeneng gedhe kaya beyonce lan justin bieber,ngoko
sharapova nggayuh gelar sepindhaipun nalika taun lan gelar kaping ing kariripun ing turnamen tier pacific life open ing indian wells california ing pundi panjenenganipun dados unggulan kaping,kramainggil
ing wiwit taun eddie malih ing eropah lan piyambakipun lajeng ndirikaken tim eddie jordan racing ingkang mandhap ing kejuaraan formula inggris,madya
rancangan ning mburi virus flu burung amerika sarekat lan organisasi who sekuthon ngrembakakake senjata biologis kanthi nggunakake virus flu burung,kramainggil
ing balapan salajengipun ing italia force india punika cetak poin kaliyan finish p nglampahi adrian sutil ingkang ugi nyerat lap tercepat ing wanci lomba,madya
manawi adhi lanang potter bertram awis sanget wonten ing griya piyambakipun dipunsekolahaken ing sekolah asrama pramila beatrix namung piyambakan sareng kaliyan kewan ingahingahipun,madya
kanthi beasiswa dheweke manggon ing amerika sarekat sinau lan entuk gelar master saka american university washington dc jurusan komunikasi internasional taun,ngoko
steven stayner bocah lanang saka merced california diculik nalika umur lan disekap punjul taun saka akir nganti awal,ngoko
bageyane badan kang paling kerep kena akibate yaiku kulit saluran napas saluran cerna jantung lan pembuluh getih lan sistem syaraf pusat,ngoko
tokyo tky harafiah ibukitha wetan punika ibukitha jepang sisan tlatah ingkang paling padhet ing jepang sarta laladan metropolitan paling ageng ing donya dipuntingal saking cacah padunungipun ing kitha lan tlatah saubengipun,madya
ing oktober otoritas palestina nyekel dheweke amarga diduga ngolokolok marang islam ing facebook lan ing postingan blog penangkapane entuk perhatian internasional,ngoko
album studhio kang kapapat viva la vida or death and all his friends diprodhuksi dening brian eno lan entuk komentar positif uga entuk sawetara nominasi grammy award lan menang ing st grammy awards,ngoko
ing pertengahan akir an prakara kaya i love lucy the mary tyler moore show lan prakara kang saiki ditayangake ing tv land biteen ditayangake ing nick at nite,ngoko
tembang kondhang teranyare kawa no nagare no yni asring dipunbeta dening artisartis ingkang misuwur lan orkestra kalebet the three tenors lan teresa teng,madya
lokasi awal pambangunan masjid yaiku ing pinggir kali martapura banjur sasampune masjid iki dipindahake ing dalan masjid kalurahan antasan kecil timur kota banjarmasin ing taun,ngoko
dening lembaga misi lan basa amerika sarekat ingkang dipunsebat summer institute of linguistics sil suku punika dipunlebetaken ing pamerangan suku paling terasing,madya
zaid mimpin kraman nglawan bani umayyah ing pertengahan abad kawolu nambah kekerasan kang tansah kedadeyan antarane bani umayyah lan bani hasyim,ngoko
larangan total tumrape panggunaan cfc taun diusulake dening komunitas eropa ing taun kang uga dimupakati dening presidhen as george bush,ngoko
piyambakipun angsal bebungah nobel bedhamen nalika taun dados pendhiri sarta presidhen kelompok arbitrase parlemen perancis ugi komite pertahanan kepentingan nasional lan arbitrase internasional,madya
tantangan tuan rumah ana ing tangan liam broady sing menangake turnamen grade aegon junior international sing dianakake ing roehampton seminggu sedurung dimelaie wimbledon,ngoko
aznavour njabat anggota dewan pembina armenia fund international sing wis menehi punjul us yuta wiwit taun ing wujud dana bantuan kemanusiaan lan pembangunan infrastruktur ing armenia,ngoko
taun ana kirakira sapi nganti antarane wujud sapi babon kang bisa diperes susune sisane sapi cilikcilik sarta sapi lanangan,ngoko
wonten ing taun kekalihipun nyumbang juta dollar as kangge yasa griya sakit anak ingkang lajeng dipunkenal minangka lucile salter packard childrens hospital ing universitas stanford,madya
piyambakipun nate dados presidhen press foundation of asia anggota dewan pimpinan international association for cultural freedom organisasi cia lan anggota federation mondial pour le etudes sur le futur,madya
piyambakipun lajeng tetep ing ajang f euroseries taun saderengipun minggah dhateng asm formula ing pundi jamie green lewis hamilton lan paul di resta saderengipun kasil menangaken ajang mau,madya
saking us miliar utang ingkang rantamanipun dipunbayar argentina nyuwun kreditor punapa dipunpathok dhedhasar kurs arta ingkang kasamekta inggih punika peso argentina dolar as euro utawi yen,kramainggil
nalika tanggal november dibangun pabrik urea unit iv popka kang tujuane kanggo ningkatake aji tambah kanggo amoniak sisa ammonia excess lan gas co kang diguwak marang atmosfer guna ngasilake produk urea granul,ngoko
piyambakipun ugi ndherek terjun ing saperangan kegiyatan milis sastra saha ing saperangan komunitas kados ta asas mnemonic babad bumi lan liyane,madya
jennings esih diwenehi kapracayan dadi pranata acara dhewekan nganti tekan taun lan diganti dening pranata acara game show jim perry nganti tekan taun,ngoko
mbah wiro bengah isih katon gagah,ngoko
sore iki ana ing unteluntelan warung hik dheweke nganggo kathok kolor putih,ngoko
wangun karo stelane klambi putih longgar,ngoko
ora sengaja katon kaya perancang mode,ngoko
kamangka sejene nduwe gaweyan minangka carik kondhang sing luwih kondhang maneh gaweyan sambene minangka pawang udan,ngoko
akeh wong nggunakake jasane manawa ana mantenan utawa sunatan,ngoko
apa maneh yen nganggo tanggapan klenengan tekan wayangan,ngoko
pokoke aja mbok celuk dhukun aku kelingan karo welingmu setaun kepungkur setengah njegeges wiro bengah ngelikke aku,ngoko
ndomblong sedhela aku banjur mesem,ngoko
geneya dheweke kelingan terus,ngoko
aku aweh saran mangkono ya merga ana grup wa gecer ngunggah tembung dhukun kerep dadi rasanan,ngoko
sejene kanggo objek laporan sing dijedhulke ana pirangpirang konten,ngoko
diolokolok minangka ngundang rasa sirik,ngoko
coba apa panjenengan wani mantu ana ngarep omah tanpa ngundang pawang udan ana ing mangsa udan ngene iki pitakone wiro bengah setengah nggodha,ngoko
aku kepingin mantu ana gedhung lek semaurku ora kalah sengit,ngoko
sauranku sing kerep ora keduga iki ndadekake lek wiro bengah nyekikik,ngoko
banjur lali yen sepine wong mantu gedhen pesenane minangka tukang ngusir udan rada seret,ngoko
mbiyen yen ruwah ngene iki isa ana laslasan gunggunge wong pesen,ngoko
mung lima lumayanlah nggo imbuh tuku beras pulen karo lenga klentik semaure rada gawe keri kuping,ngoko
aku lan wiro bengah pancen kudu endha saka parapan sirik,ngoko
dianggep wae iki sawijining kekayaan budhaya,ngoko
apa maneh lek wiro bengah ngusir udan ya ora nganggo sesaji menyan lan kembang,ngoko
resik saka sesajen sing ngundang unsur sirik,ngoko
sepisan maneh risi lan wedi yen diolokolok dadi sumber sirik,ngoko
ana sing pesen teh ginastel kopi jahe lan susu,ngoko
kelurahan kauman kang mapan ing laladan kecamatan pasar kliwon solo duwe jenengjeneng kampung sing ana sesambungane karo panggaweyane wargane,ngoko
jenengjeneng kampung iku nglumpuk dadi siji ana ing dhaerah kampung wisata batik kauman,ngoko
lurah kauman nursalim mratelakake wargane akeh kang makarya gawe bathik,ngoko
saliyane iku saperangan wargane uga ana sing dodolan panganan,ngoko
nursalim banjur njlentrehake tegese jeneng kampungkampung ing kauman miturut panggaweyane wargane,ngoko
saliyane iku ana kampung blodiran utawa kerep diwaca mblodiran,ngoko
miturut nursalim ing kampung iku tau ana sing manggon yaiku sawijining abdi dalem kang panggaweyane dadi tukang bordir,ngoko
kampung blodiran penere mapan ing sisih kidul kampung gerjen rt rw,ngoko
jarene nursalim warga kono akeh sing gawe samir utawa lendhang cilik kang lumrahe dienggo abdi dalem keraton,ngoko
warga kono akehakehe pakaryane gawe topi manten lanang jawa utawa kuluk,ngoko
ing njeron gang laladan kampung batik kauman ana saperangan plang werna putih kang dipasang ing cagak werna ijo tuwa,ngoko
plang kuwi ana tulisane jenengjeneng kampung iku mau malah ana tambahane aksara jawa lan ukiranukiran sapinggire plang,ngoko
solo kasebut minangka kutha kang nduweni daya pangaribawa ing bababagan tembang jawa,ngoko
salah sawijining pangripta lagu jawa sing kawentar yaiku didi kempot,ngoko
nganti tekan dina iki wus ora kapetung cacahe tembange didi kempot kang kawentar tekan ngendiendi,ngoko
semana uga musik liyane kayata gamelan jawa kang diripta suwargi rahayu supanggah,ngoko
saking tresnane marang gamelan rahayu supanggah ngusulake gamelan minangka warisan budaya tak benda wbtb,ngoko
gamelan minangka wbtb banjur ditetepake dening united nations educational scientific and cultural organization unesco ing paris prancis rebo,ngoko
dheweke kandha tembang dhaerah saiki sansaya diugemi,ngoko
tuladhane ya tembang basa jawa sing diripta dening penyanyi saka ngawi denny cak nan banjur ndarboy genk saka yogyakarta,ngoko
tari reyog ponorogo lagi dadi kembang lambene wong akeh,ngoko
sepisan maneh malaysia arep ngakuaku kesenian reyog ponorogo minangka asil budayane dhewe marang united nations educational scientific and cultural organization unesco,ngoko
mula ora maido kahanan iku gawe muntabing masarakat utamane para pandhemen lan seniman reyog,ngoko
kepara bupati ponorogo sugiri sancoko gela marang putusan pamarentah pusat kang ora ngusulake reyog menyang unesco,ngoko
sadurunge dadi kesenian kang kondhang kaya saiki ana saperangan crita kang ngrembaka bab sujarah reyog,ngoko
nanging salah sijine crita kang kondhang yaiku ki ageng kutu mbalela,ngoko
ki ageng kutu yaiku abdi dalem kraton nalika dipimpin bhre kertabhumi ratu majapahit pungkasan ing abad kaping,kramainggil
ki ageng kutu krasa manawa majapahit wus nyedhaki umure,ngoko
ki ageng kutu banjur milih ninggalake ratune lan ngedhegake padhepokan seni bela diri,ngoko
ing pagelaran reyog iku paragane nggunakake topeng awujud sirah singa barong kang dadi simbole kertabhumi,ngoko
idulfitri utawa lebaran taun iki pancen mirunggan tumrape warga dhusun selamarta,ngoko
akeh penyebabe sing njalari mirunggan,ngoko
kapindho acara halalbihalal dibarengake karo acara reuni warga selamarta,ngoko
cekake kabeh warga nyepakake dhaharan nyamikan lan unjukan kanthi lega lila,ngoko
sakabehane gratis ora ana sing dibayar,ngoko
umpamane nyamikan digawe warga kanthi bahan dhasar asil tetanen,madya
kanggo dhahar siang dicawisake sega bancakan dibuntel godhong jati,ngoko
saben meja diwenehi kendhi siji lan cangkir enem,ngoko
sapa wae sing nyawang mesthi bungah,ngoko
ing emperan digawe panggung sisih mburi dipasangi kaya dene spanduk saka plastik,ngoko
para warga padha lungguh tumata rapi ing latare pak rw sing wis dipasangi tratag,ngoko
ing ngisor tratag iku ditata meja lan kursi,ngoko
saben meja diubengi enem kursi,madya
kabeh kursi dileti siji lan sijine,ngoko
kabeh tamu undangan jumeneng karo ngidung lagu indonesia raya,ngoko
rampung lagu indonesia raya acara dibacutake sambutan ketua panitya,madya
bu guru minangka ketua panitya ngaturake panuwun marang tamu kabeh,ngoko
para warga perantau padha nggumun mirengake ature bu guru,kramainggil
kabeh iku nggambarake yen pidhatone pak rt ditampa kanthi bungah,ngoko
kabeh wong bungah ora ana sing susah,ngoko
grup campursari nyuguhake tembang nostalgia tembang kenangan,ngoko
reuni nyawiji idulfitri dipungkasi kanthi nembang bebarengan tembang kemesraan,ngoko
puput tembang iku warga banjur salamsalaman karo ngucap nyuwun pangapunten lair bathin,ngoko
lan warga uga ndedonga mugamuga taun ngarep bisa ketemu idulfitri maneh,ngoko
saka kalen iki warga tani nggantungake panguripane,ngoko
kalen sijisijine kang mujur ngulon ngliwati tapel wates desa tembus tekan kali gedhe,ngoko
sawahsawah dadi ora kesuwen kasatan,ngoko
jamal lan kancakancane bisa luwih cepet nggarap sawahe,ngoko
bocah enom sing gelem kaya jamal ora akeh kepara malah ora ana,ngoko
banyu abang sing mlebu sawahe lan kabeh sawah ing desane gawe kasile panen kurang maremake,ngoko
sawetara menit sawise banyu abang kang dipyuri bubuk putih kuwi malih bening kaya lumrahe banyu sadurunge,ngoko
miturut maskuri tradhisi sadrananan wus ana kawit taun,kramainggil
tradhisi iku diusumke dening salah sijining muride sunan kalijaga saka demak yaiku syeh ibrahim nalika dakwah menyang sukabumi,ngoko
ing desa kaliwungu kabupaten semarang uga ginelar adicara tradhisi nyadran ing pasareyan sidorejo dusun kalikendang,ngoko
tradhisi iku wus dilakoni warga kawit jaman mbiyen lan isih dileluri nganti saiki,ngoko
tradhisi nyadran ing kaliwungu para wargane padha nggawa tumpeng ingkung lan sakubarampene,ngoko
nyadran uga dadi sarana resikresik pasareyan amarga ing dina umume warga arangarang nyekar ing pasareyan,ngoko
adicara nyadran iku diwiwiti kanthi resikresik sakjroning pasareyan lan sakiwa tengene,ngoko
uga diterusake nyekar ing kuburane leluhure dhewedhewe,ngoko
sabanjure maca donga sing dipimpin dening sesepuh dhaerah kono,ngoko
pungkasaning adicara yaiku kembul bujana bebarengan sing bisa nambah gayenge swasana,ngoko
freddy nyebut tembang dolanan iku uga dadi perangane karya sastra,ngoko
nalika semana sunan giri nggiyarake agama islam ing indonesia utamane pulo jawa kanthi cara liwat seni kabudayaan,ngoko
tembang dolanan cublakcublak suweng iku kabeh nganggo basa jawa,ngoko
mbak kanthi kang lagi maca buku ing jero kamar krungu bengokane bocahbocah,ngoko
gambar relief ing gang utama rt rw kampung hepi joho manahan banjarsari solo kang nyritakake sujarah abad xviii nganti jaman kamardikan rabu,ngoko
relief utawa gambar kang nemplek ing tembok omahe warga ana tulisane tanah jawa abad xviii,ngoko
relief kuwi ana ing sadawaning gang nuju kampung hepi joho lan nyritakake rikala jaman penjajahan walanda nganti dumadine kutha solo,ngoko
relief sujarah iku penere ana ing njero gang nuju kampung hepi joho rt rw kelurahan manahan banjarsari solo,ngoko
ketua rt yunus ariseno mratelakake relief kang digambarake awujud kumpulaning manungsa lan sato kewan iku nyritakake sujarah adeging kutha solo,ngoko
gambaran iku ujare yunus dicritakake kanthi ringkes supaya dadi sarana piwulang kanggo bocahbocah warga lan sapa wae kang dolan mrono,ngoko
relief kang dawane meter lan nyritakake sujarah kutha solo iku digambar dening salah sijining warga kampung hepi joho maryanto,ngoko
critane ya jaman pindhahan saka penjajahan nganti tekan adeging kutha solo,ngoko
dicritakake kanthi cekak aos ya udakara dawane meter ujare maryanto nalika ditemoni soloposcom rebo,ngoko
relief iku nggambarake perangperang nalika geger pecinan sodagar bathik wong tani nganti dumadine kutha solo tekan saiki,ngoko
yunus mratelakake relief utawa mural kang ana sesambungane karo sujarah iku saliyane kanggo sarana memulang uga dadi pangelingeling semangate para pahlawan nalika merjuwangake kamardikane indonesia,ngoko
dadi nalika kita nyawang relief iku pangajabe semangate awake dhewe kanggo njaga kampung iki ajeg ana kanthi ngleluri gotong royong guyub rukun ujare,ngoko
sanajan awake dhewe ora urip ing abad kaping surasane tetep bisa ngrasakake swasana perang rikala semana,ngoko
kabeh kuwi ditata liwat relief kang edi peni lan ngandhut piwulang rasa kang gampang ditampa dening wongwong sing padha ngematake tambahe,ngoko
salah siji warga lusi rumangsa melu mongkog bisa dadi warga kampung joho,ngoko
mongkoging ati iku amarga ana karya seni sing miturut panemune ora bisa ditemokake ing dhaerah seje,ngoko
aku rumangsa kabegjan amarga bisa melu ngematake karyakarya kang nggambarake sujarah,ngoko
karyane apik bisa kanggo bahan crita nalika ana kanca dolan mrene,ngoko
bisa dakpameri ujare lusi,ngoko
warga liyane maryani ngajab supaya kawula mudha ora nganti lali sujarahe dhewe,ngoko
mugamuga liwat sarana gambar iku bocahbocah nom saiki gelem sinau maneh mligine sujarah ing kutha solo,ngoko
pangajabku kaya mangkono iku,ngoko
nalika bocahbocah nyawang relief iku kabeh dadi mudeng oh ndhisik kuwi jebul swasana perang nglawan penjajah kaya mangkono kuwi,ngoko
apamaneh bocahbocah senenge sinau kanthi sarana gambar padha bisa ngangenangen ana sato kewan wong tani lan perang ing abad kaping ujare maryani,ngoko
saka panyawange soloposcom relief iku nggambarake saperangan warga pribumi kang nglawan penjajah,ngoko
penjajah jroning gambaran iku nyandhang kostum prejurit nganggo topi,ngoko
dene pribumi digambarake nganggo busana adat jawa lengen dawa clana ukuran seprapat lan nganggo blangkon kanggo wong lanang lan kebaya kanggo wong wadon,ngoko
warga pribumi uga dituduhake nggawa gaman arupa pring lincip panah lan keris,ngoko
ing gambaran iku uga ana sato kewan kayata kebo pithik bebek lan uga wong tani sing lagi manen pari,ngoko
saliyane nggambarake swasana perang rikala semana uga ana logo kraton kasunanan solo lan mangkunegaran,ngoko
rubrik jagad jawa ugi kababar ing koran solopos saben dinten kemis,madya
ing babaran kemis menika kapacak bab lagu metal,kramainggil
musik rock lan metal kalebu salah sawijining jinis kesenian sing disenengi nomnoman,ngoko
musik kasebut duwe pandemen kang setya lan militan,kramainggil
menyang ngendi wae pepanthan kang disenengi pentas bakal tut wuri kanggo nonton,ngoko
musik jinis rock sarwa banter musik lan suwarane sing nyanyi,ngoko
kadhangkala cakepane lagu ora cetha awit cawuh karo musike,ngoko
sanadyan mengkana ya tetep akeh sing jejogetan nalika teka ing pentas musik kasebut,ngoko
cakepan tembang rock biyasane nganggo basa indonesia utawa inggris,ngoko
nanging beda karo liyane pepanthan musik black metal saka solo makam gawe lagulagu nganggo basa campuran,ngoko
judhule basa inggris isine indonesia lan jawa,ngoko
ora mung kuwi isine uga mbabar babagan sing ana gandheng rakete karo ajaran jawa sing ana ing naskah jawa kuna,ngoko
sanadyan katon aeng grup musik iki duwe rong album sing ngandhut bab jawa,ngoko
priya kang kajibah nabuh drum ing pepanthan utawa grup makam julius ngandharake grup makam wis pentas tekan ngendingendi saindhenge indonesia,ngoko
malahan nganti tekan malaysia barang,ngoko
sanadyan nganggo basa jawa kuna lan simbolsimbol jawa kayata canthik rajamala musike tetep disenengi wong akeh,ngoko
saben makam pentas mesti akeh wong kang nonton padha jejogedan rakaruan,ngoko
julius ngandharake wiwit ngadeg ing taun an makam yawis kerep gawe lagu saka naskah kuna,ngoko
iku minangka pratandha ben beda karo liyane,ngoko
uga sarana nguriuri kabudayan supayane ora angslup katrajang jaman,ngoko
ing taun makam tau kolaborasi utawa tembayatan kalawan grup gamelan etnomusikologi isi solo nalika pentas ing pambukaning rock in solo ris,ngoko
naskah sing didadekake dhasar lagu iku ora sabaene,ngoko
apa meneh penyanyine iku abdi dalem keraton,ngoko
dadine ya ngerti babagan naskah jawa kandhane julius,ngoko
ing pepanthan musik liyane gitaris grup musik bandoso agung uga duwe angkah gawe lagu adhedhasar naskah jawa,ngoko
kekarepan iku timbul sakbubare dheweke kerep melu kajian naskah kuna ing radyapustaka,ngoko
piwulang sing ana ing naskah iku bisa ditrepake ing ngendi wae,ngoko
saben taun pemkot solo mengeti ambal warsane tanggal juni,madya
ana sujarahe kenapa tanggal juni didadekake ambal warsane pemkot solo,madya
warga masarakat solo nonton pentas beksan ing bale kota solo sawetara wektu kapungkur,ngoko
pemerintah kota pemkot solo mangayu bagya ambal warsane kaping kemis kepungkur,madya
pangarsa solo societeit pepanthan sutresna sujarah solo dani saptoni mratelakake tanggal juni mbarengi karo nalika daerah istimewa surakarta dis ora ana pepesthene,ngoko
nalika kuwi solo dicekel keraton kasunanan surakarta hadiningrat keraton solo sarta pura mangkunegaran,kramainggil
satemene pamikiran kanggo kuwi dudu juni,ngoko
rikala semana menteri dalam negeri ing jogja mr sudarsono tanggal mei ngangkat gubernur suryo dadi wakil pemerintah daerah ing surakarta pratelane nalika diwawancarai soloposcom rebo,ngoko
miturut dani jaman semana pamarentah ora gagegage mesthekake statuse dis nanging malah ndadekake dhaerah karesidenan surakarta,ngoko
dhasare wektu kuwi nggatekake abot entenge kahanan kutha solo sing lagi ora aman sejene kahanan pulitike lagi semrawut,ngoko
pamarentah banjur netepake karesidenan surakarta sacara resmi tanggal juli,ngoko
nanging dani mbacutake kahanan solo uga ngrembaka maneh,ngoko
solo sansaya nggegirisi akeh wong sing ujugujug ilang ora konangan,ngoko
kahanan kaya mangkono kuwi marai ati trataban,ngoko
kahanane sarwa ora nentremake ati lan pikir,ngoko
sabanjure pamarentah ngangkat kolonel gatot subroto dadi gubernur militer,ngoko
kutha solo klebu jroning dhaerah militer ujare,ngoko
sesambungane karo alesan kenapa sing dipilih minangka tanggal pengetan ambal warsane pemkot solo yaiku tanggal juni lan dudu juli dani njlentrehake bisa wae jalaran njupuk momentum nalika pamarentah pusat sacara resmi ora ndang ndadekake status dis dadi karesidenan,ngoko
dani nyebut mr iskaq tjokrohadisoerjo diangkat dadi kepala dhaerah kapisan kang mimpin solo nalika wujude residen,ngoko
mr iskaq mimpin solo sasuwene juli november,kramainggil
sabanjure solo klebu jroning dhaerah militer kanthi gubernur militer kolonel gatot subroto,kramainggil
dene saka sumber resmi dprd solo disebutake ana rong pehak kang nduweni kuwasa saengga ndadekake kutha solo madeg sajroning rong administrasi yaiku keraton solo lan pura mangkunegaran,ngoko
daya kuwasa pulitike sakloron banjur dicopot sawuse nagara republik indonesia diresmekake tanggal agustus,ngoko
sasuwene sasi solo duwe status minangka dhaerah setingkat provinsi kang diarani daerah istimewa surakarta dis,ngoko
sabanjure ngrembaka saperangan laku antiswapraja ing kutha solo kang dibarengi kahanan kang sarwa nggegirisi ngganggu katentreman wongwong ngertingerti ilang lan matine pejabatpejabat dis,ngoko
pamarentah indonesia banjur nyimpen status dis wiwit tanggal juni,ngoko
tanggal iki sabanjure dipengeti minangka ambal warsane pemkot solo,ngoko
sacara de facto tanggal juni resmi ana pemerintah daerah kota surakarta kang duwe kuwasa kanggo ngatur lan ngurusi rumah tanggane dhewe,ngoko
kasunyatan iku uga negesi manawa kuwasane keraton solo lan pura mangkunegaran banjur ora ana,ngoko
dene sacara yuridis kutha solo diresmekake kanthi adhedhasar penetapan pemerintah taun nomor sd kang digiyarake tanggal juli,madya
ana saperangan kampung ing kutha solo sing dijenengi miturut jinis panggaweyane wargane,ngoko
tetenger jeneng kampung ing njero gang kampung kauman solo selasa,ngoko
adhedhasar saka cathetan lan katrangan saka kantor kelurahan kauman kampung sing ana ing kono dijenengi miturut jinis panggaweyane wargane yaiku kampung gerjen blodiran kentiran baladan lan gebangsan,ngoko
memper wargaku akeh sing gaweyane padha lan nglumpuk dadi siji ing kampung,ngoko
mula dienggo tenger dadi jeneng kampung supaya gampang sing ngelingeling utawa nggoleki ujare nursalim selasa,ngoko
kang kapisan yaiku kampung gerjen kampung iki manggon ing jl cakra sisi barat penere ing rt rw,ngoko
ana kampung gerjen biyasane wongwong ngaranine nggerjen,madya
dijenengi gerjen amarga akeh warga kono sing padinane dadi gerji utawa tukang jahit ujare,ngoko
sabanjure ana kampung kentiran,madya
kampung kuwi mapane ana ing rt rw penere ing sisih wetane kampung blodiran,ngoko
ing kampung kuwi wargane padha gawe samir,madya
samir iku wujude kaya lendhang nanging ukurane cilik lan carane nganggo dikalungke ing gulu,ngoko
biyasane diagem para abdi dalem nalika ing keraton solo piterange,kramainggil
dene kampung liyane yaiku kampung baladan,kramainggil
miturut nursalim warga kampung kono panggaweyane dadi juru mangsak maneka warna jinis panganan,ngoko
kampung baladan penere ing rt rw ing sisih kulone sekolahan mambaul ulum,ngoko
kampung iki dadi papan panggonane tukang gawe kuluk utawa topi manten lanang adat jawa,ngoko
kampung iki penere mapan ing sisih kulone blodiran rt rw ujare nursalim,ngoko
mak sesuk ika pengin tumbas buku,ngoko
tari sing leyehleyeh karo nunggu anake sinau makjegageg kaget,ngoko
sakbanjure swara anake wis ora patiya dirungokake,ngoko
tari bingung amehe mangsuli kelingan mau sore simboke kepingin ngontrol darah tinggine wae isih disemayani,ngoko
durung maneh babagan arisan pajek listrik sumbangan nggone yu tumi setu sesuk,ngoko
kabeh kaya teka barengbareng lan tari bingung carane nggolek dhuwit,ngoko
sasi iki wae jahitan sepi mesine nganggur,ngoko
tandur sing suwe ditinggalke saiki dilakoni maneh mung mburu cukup supaya bisa ngelongi sakabehe,ngoko
esuk isih uthukuthuk nanging swara kreketkreket pit digenjot wis mecah lan nrejang adhem sing isih ngemuli desa,ngoko
tekan prapatan desa pit kuwi banjur mandeg,ngoko
wis ana kancane sing uga nggawa pit lan mandheg ana papan kuwi,ngoko
sakloron wanodya iku isih ngadeg sakdhuwure pit nyawang arah ngidul sajak ana sing ditunggu,ngoko
dumadakan saka arah kidul pit telu nyedhak lan sakbanjure mandheg,ngoko
nunggu sapa maneh ndhuk,ngoko
mboten wonten sampun cekap punika,madya
dalan isih sepi mung wong sing mulih saka mejid lan bakul pitik nggawa bronjong nakoni pendhak wong liwat,ngoko
pit onthel cacah lima kuwi tetep digenjot arah mangetan ninggalke desa pandeyan,ngoko
ngliwati barongan sing isih radha peteng nlusupi dalan cilik sakpinggire kalen gemreneng kanggo ngilangi hawa adhem,ngoko
sawahsawah sing wis semilak warna blachu sajak wis kangen karo sikil uga rumatane rombongan kuwi,ngoko
yu karni ora melu ta ndhuk,ngoko
lha mbakyu tuminah napa mboten pirsa menawi yu karni masuk angin wau ndalu,madya
genjotan pit dialonke sanajan rada peteng nanging isih bisa padha sesawangan kaget krungu kabar saka tari,ngoko
surup wingi isih njaluk injet ki,ngoko
sakbanjure kahanan dadi ening,ngoko
kaya kasorot rong dina kepungkur,ngoko
udan ora leren mung nggrojog terus nganti sing tandur arep leren nanging dipenggah,ngoko
kedhokan sing durung ketancep winih kurang sithik banjur nekat wae sing tandur neruske nancepke winih,ngoko
udan wis kaya tumbak sing diclorotke saka ndhuwur kaya maku awak sing mbungkuk karo dongani winih,ngoko
ora dirasakke adhem lan tangan sing gemeter nujune mung siji,ngoko
tandur cepet rampung lan bisa bali cepet,ngoko
lha dhik tari apa wis sehat pitakon salah siji wanodya sing pite jengki,ngoko
nggih radi lemes dhe,madya
hla kok tetep mangkat ta ndhuk,madya
hla sampun janji kaliyan pak badhi,madya
janji punika utang kados kula ngaten niki sagede nyaur gek suk kapan,ngoko
apa maneh utang budi,ngoko
tari ora mbacutake guneme,ngoko
rombongan pit kuwi isih nlisir dalan cilik sak pinggire kalen,ngoko
wis ora ana swara maneh kajaba kreketkreket pit sing digenjot,ngoko
kabeh wis ngerti menawa tari butuh dhuwit akeh,ngoko
simboke loro tuwa anake sekolah lan butuh ragad,ngoko
tari wanodya sing kuwat garwane seda jalaran kenthir ing kali bengawan solo nalika arep nyebrangke traktor,ngoko
kabeh durung bisa lali amarga kedadeyan kuwi telung wulan kepungkur,ngoko
kok kayane pak badhi ngesir awakmu ndhuk,ngoko
halah gek yu sri ki ngendika napa,kramainggil
kula niku sinten pak badhi niku sinten,madya
pak badhi punika juragan sawah sugih mblegedhu kula ming randha,ngoko
menawa pak badhi nggolek perawan sedasa mawon mesthi nggih kecanggah,ngoko
wong tresna mono ora sapa sira sapa ingsun anane bungah lan kebak kembang,ngoko
lha pa ra mesake anakmu butuh bapak lan ragad kanggo sekolah,ngoko
tari kelingan sewengi anake njaluk dhuwit kanggo tuku buku lan les,ngoko
anake sing lagi kelas papat sd kuwi wis bolabali njaluk ning tari mung bisane nyemayani,ngoko
simboke sing uga randha ya mung njagakke asile tari,ngoko
rombongan wis tekan sawah pinggir dhewe,ngoko
winih wis katon dibanjari pak badhi wis ana nggalengan,ngoko
esemme katon sumringah kaya srengenge saka etan sing lagi nginjen endahing bumi,ngoko
juragan sawah iku tetap geguyonan sanajan panen wingi rugi amarga wereng teka ora nganggo kulanuwun,ngoko
dhudha sing loma tur ora tau nggresah anake loro kabeh wus mentas,ngoko
siji dadi dhokter sijine dadi dhosen ana ngayogjakarta,ngoko
tani liyane isih padha nyirik sawah pak badhi ora tau kendhat nunggoni sawah,ngoko
jarene sawahe kurang donga sawahe nesu ora dirawat kanthi sakeca mung dijupuk wulu pametune tanpa diwenehi donga lan welas asih,ngoko
dina iki padha wae kaya rong dina kepungkur,ngoko
anane mung mendhung lan grimis,ngoko
sedhela grimis leren mendhung wis katon nyebar ana langit,ngoko
telung pathok sawahe pak badhi durung kendhat ditanduri,ngoko
sedelasedela tari ngeluk geger mindhah blek pring sinambi nyedhakke winih,ngoko
awakmu kok sansaya anget ndhuk,ngoko
tak rasake biyasa niku yu,madya
yu tuminah banjur mbacutake sing mindah blek,ngoko
saktemene wektu kuwi tari ngrasakke awake ora nggenah,ngoko
wetenge krasa mungkuk hawane luwih adhem saka wingiwingi sesawangane kaya semu lamur,ngoko
aja ditekadi hla ndhuk,ngoko
mesakna awakmu,ngoko
entuk dhuwit nanging ragamu rusak ora becik,ngoko
wis kana gek leren wae,ngoko
kepingine tari jane ya leren nanging manawa kelingan butuh kelingan simboke kelingan ika dheweke kudu nguwatnguwatke,ngoko
mboten kenging napanapa mbakyu mangke nggih mantun,madya
tari isih tetep nancepke winih sanajan kurang titis dumadakan swara azan luhur lan udan deres teka bareng,ngoko
ayo leren dhisik kabeh padha mentas,ngoko
wis azan lan kayane udane sansaya deres,ngoko
swarane pak badhi ora cepet ditanggapi sing tandur,ngoko
mung kurang telung tancepan tanggung nek ditinggal mentas,ngoko
kok dak sawang praupanmu pucet ta dhik tari,ngoko
pitakone pak badhi pas wis rampung lan kabeh ngeyup ana musala pinggir desa,ngoko
mesakna awakmu lan anakmu,ngoko
apa durung mbok pikir gunemanku rong minggu kapungkur,ngoko
pak badhi kaya arep narik ucapane nanging wis kebacut,ngoko
tari katon isin ngapa kok pak badhi ngomong ana papan kono,ngoko
wong sing padha tandur kaget gunemane pak badhi,ngoko
tari arep ngadeg nanging dumadakan awake ambruk semaput,ngoko
saliyane kuwi beksan iki digawe kanggo nggenepi adicara festival kesenian reyog ponorogo,ngoko
yaiku simbah putri pawongan kang tansah asih tresna mring aku sanadyan rikala gesange aku akeh gawe gela amarga tumindakku,ngoko
butuh interpretasi saben ukara lan tembung jroning tembang dolanan kasebut,ngoko
amung ngertine simbah putri sare angler nanging sejatine simbah wus kritis,madya
wiwit saka nyibini ngganteni sandhangane lan liyaliyane,ngoko
rong dina kang pungkasan simbah wis katon kaya kritis nanging aku ora bisa tandang apaapa,ngoko
sawetara dolanan bocah uga ana kang cara dolanane kairing tembang kaya dolanan cublakcublak suweng,ngoko
pikiren olehmu sekolah kuwi lo,ngoko
yen kok enggo tenanan kok enggo sekolah nganti kuliyah syukur bisa dadi pegawe aku saguh wae wangsulane simbah kanthi linambaran mesem kang tulus,ngoko
kolor iku uga lumrah diarani usususus wujude dawa lan warnane putih,ngoko
saliyane kuwi bupati ponorogo sugiri sancoko uga sengaja nepungake budaya marang bocah wiwit isih cilik,ngoko
banjur saknalika kelingan rikala semana jamanku isih sma,ngoko
aku sekolah kakehan ragat lan terus gawe susah,ngoko
amarga aku ngerti menawa ibu wong kagetan lan ora tega yen nyumurip kahanan saktemene,ngoko
aku lan bapak kaya nora bisa polah maneh kepiye carane amrih kabeh padha sehat,ngoko
kang ana amung rasa kangen nalika gesange tansah tresna mring kulawargane,kramainggil
amarga kasrakahane dhewe wongwong iku padha bingung lan ora tentrem uripe,ngoko
tari krido warok diripta jalaran durung ana jinising beksan kang nggambarake blegere warok,ngoko
dene bocah sing mbungkuk mau banjur tangi lan mbethek sapa bocah sing ndhelikake krikil mau,ngoko
sakbanjure simbah dak sibini lan dak saline,ngoko
bebarengan banjur nembang cublakcublak suweng nganti rampung,ngoko
kebo dadi simbole wong bodho,ngoko
pentas beksan iku banjur diganjar rekor donya saka museum rekordunia indonesia muri rebo ing alunalun ponorogo,ngoko
aku ora sadhar nalika tabuh awan aku lunga sedhela tuku janganan lan lawuh ya ing wektu iku simbah sakaratul maut lan nilapake aku,ngoko
budayawan ponorogo gondo puspito mratelakake beksan krido warok diripta pisanan taunn,kramainggil
gudel kuwi arane anak kebo,ngoko
aku kang wus lemes nangis ana ing ngarep lawang kanthi dituntun mlaku tekan ngarepe simbah,ngoko
sabisaku aku ngopeni wong sak omah lan wektu iku simbah wis kritis,ngoko
bisaku ngewangi ya ngene iki ben kowe pinter le wangsulane simbah karo nangis ngrangkul aku,ngoko
simbah kakung amung bisa nangis weruh kahanane simbah putri,ngoko
kepriye maneh anggonku ora nangis lan ora bisa lali amarga saka simbah aku bisa dadi kaya mangkene,ngoko
sajrone simbah nandhang gerah aku kang kudu tatag ngrumat sanadyan ana jroning bathin ora tega,ngoko
salah sijine dlamakan tangan iku bakale nampa krikil banjur digegem utawa didhelikake,ngoko
ukara mambu ketundhung gudel ngandhut makna dene wong bodho sing ora duweni pendhidhikan padha golek bandha brana kanthi nepsu patrap kang ora becik kayata korupsi dol tinuku jabatan tujuwane kanggo mburu senenge dhewe,ngoko
dongaku muga simbah pinaringan papan kang endah ing ngarsaning gusti,madya
tangise simbah kakung banjur balangake penthung ana lawang kamare kakangku,ngoko
nanging saktemene simbah wus pancen titi wancine sowan ngarsa dalem gusti,madya
gondo mratelakake tegese krido utawa kridha yaiku nyambut gawe makarya lan gelem obah kanggo tandang gawe,ngoko
le iki mbahmu piye le,ngoko
sapa ngguyu ndhelikake tegese sapa sing ngguyu dekne sing ndhelikake,ngoko
ora watara suwe simbah putri kaya tanduran kang semu layu saya layu banjur katut gerah,ngoko
kahanan kang medeni isine mung wedi lan semelang kaya wus ra bisa mikir maneh,ngoko
lan bengi iku uga bakal mara ngomah sakperlu nuduhake barange kareben aku weruh lan didhuwiti dening simbah,ngoko
ing dina senen pon wiwit esuk rasaku kaya kumleyang tumeka ngendiendi,ngoko
mula jroning beksan kuwi luwih akeh nggambarake seni bela diri utawa gladhen keprajuritan warok,ngoko
saktemene uga aku nyawang wong tuwaku iku ora tega,ngoko
laptop kang ditumbasake simbah rikala semana nganti saiki tetep awet lan dakrumat kanthi becik nganti aku bisa kuliyah,ngoko
bapak pancen sengaja dak kon sumingkir ngrumat ibuku aneng omah sijine,ngoko
iki kabeh bisa ditampa minangka kupiyane kabeh pehak kanggo nggiyarake warisan budaya marang kawula mudha ponorogo supaya gelem nguriuri budayane dhewe pesene gondo,ngoko
mbahmu iki piye le,ngoko
kok kaya ngene,kramainggil
lara nemen kok gentenan,ngoko
gek wong sak omah mengko yen dadine malah nemen,ngoko
piye le pitakonane bapak marang aku,ngoko
ana puluhan jinis dolanan bocah kang kondhang ing jawa tengah,ngoko
kayata boyboyan gobak sodor pate lele bekel dakon ceblek nyamuk lan liyaliyane,kramainggil
beksan krido warok uga ngandhut sujarah lan kebak piwulang sajroning obahing awak tangan lan sakabehe,ngoko
jroning karya sastra ngandhut maneka warna piwulang salah sijine yaiku kautaman,ngoko
jebulane simbah wus kondur ninggalake donya,madya
aku kang katilap rumangsa getun kelangan lan rumangsa gawe dosa gedhe,ngoko
lha kok wis ditembung ki piye ta mbah aku urung sreg,ngoko
ya mung kanthi cara mangkene pangajabku supaya aku bisa mujudake yen aku kudu bisa sukses lan bisa ngangkat drajating wong tuwa,ngoko
nalika iku aku lan sakulawarga uga prasasat kabeh lagi nandhang pacoban,ngoko
beksan krido warok cukup kondang ing ponorogo jawa timur amarga ajeg dipentaske bareng pentas reyog,ngoko
saperangan bocah mbabar beksan krido warok ing alunalun ponorogo jawa timur rabu,kramainggil
mula jroning pentas beksan krido warok iku ngandhut piwulang sarta ngemu teges bab warok,ngoko
sasuwene amung patang dina simbah putri nandhang gerah kang nemen,kramainggil
kudune aku mari,ngoko
mbahmu melu mari kok kaya ngene,ngoko
bab kuwi ngemu teges dadi manungsa iku kudu sabar lan tansah suci,ngoko
mula gamane kuwi suci ujare,ngoko
tembung suweng bisa dimaknani suwung sepi sejati utawa amal kang sejati,ngoko
nalika pengetan hari anak nasional han sawetara wektu kapungkur beksan krido warok dibabar dening bocah saka saindenge ponorogo,ngoko
tembang kanggo ngiring dolanan bocah cublakcublak suweng kuwi rasane kayakaya prasaja,ngoko
mbahmu kok ceguk bar kuwi meneng,ngoko
freddy widya ariesta jroning jurnale kang asesirah nilai moral dalam lirik dolanan cublakcublak suweng mratelakake masarakat jawa isih nguriuri dolanan tradhisional utawa dolanan bocah,ngoko
le apa kowe kepengin laptop,ngoko
aku saguh nukokake kanggo kowe nanging sing lungsuran wae tur rada murah piye,ngoko
pitakonane simbah rikala semana,ngoko
saperangan sumber sujarah nyebutake tembang dolanan cublakcublak suweng diripta dening wali sanga utamane syekh maulana ainul yakin utawa sunan giri watara taun m,ngoko
rasaku ayem lan bungah simbah bisa kaya pulih ragane,ngoko
bathinku kayakaya bisa ngucap banter mbarengi khutbah jemuwah lan terus tumetes eluh aneng pipi,ngoko
sara gampa iki nggambarake tradhisi masarakat ponorogo kanthi cara padhapadha menet pundhak,ngoko
saktemene aku iku pekewuh yen nganti simbah mujudi apa kang dadi sedyane kanggo aku,ngoko
kepengin rasane nduwe laptop kanggo ngenthengake anggonku sekolah lan wektu kuwi aku uga kepingin duwe hp apik kaya kancakancaku,ngoko
freddy widya ariesta nyoba ndhudhah makna lan piwulang kang kakandhut jroning tembang cublaksublak suweng,ngoko
antarane rong bengi aku kakangku lan simbah kakung kang ngrumat simbah putri,ngoko
beksan iku banjur digawe buku lan dijenengi buku kuning ujare nalika ditemoni ing daleme kelurahan paju ponorogo rebo,ngoko
simbah terus nangis lan aku ora bisa mbendung tangis,ngoko
carane dolanan salah sijine bocah kudu mbungkuk banjur kancakancane padha mbukak dlamakan tangane lan diselehake sadhuwure gegere bocah sing mbungkuk mau,ngoko
dolanan tradhisional cublakcublak suweng diripta dening sunan giri lan dadi sarananing piwulang agama islam ing tanah jawa,ngoko
tembang cublakcublak suweng uga ngandhut piwulang becik sajroning golek katentreman ing donya,ngoko
lan uga aku kudu bisa gawe bungahing simbah aneng kana,ngoko
tembang cublakcublak suweng iku kaya mangkene cublakcublak suweng suwenge ting gelenter mambu ketundhung gudel pak empong leralere sapa ngguyu ndhelikake sir sir pong dhele kopong,ngoko
wong bodho kuwi digambarake kaya wong tuwa ompong sing bingungan pak empong leralere,ngoko
lha ngapa ngenteni srek mu,madya
ukara iki ngandhut piwulang sapa kang wicaksana bakale nemokake katentremaning ati lan urip kang sejati,ngoko
ora kanyananyana kaya kajegur segara madu nalika aku mulih sekolah jebulane simbah wis nembung marang ponakane kang nduweni kenalan kanca kang adol uga servis laptop komputer,ngoko
cublak suweng tegese wadhah suweng utawa masmasan,ngoko
idhamidhamane kang durung dak wujudi kok simbah wus kapundhut sowan panjenengan gusti,madya
ya allah kok tega ninggalake aku nilapake aku,ngoko
yen regane larang apa ora nambahi penggalihe simbah,ngoko
wangsulanku karo setengah mbrebes,ngoko
dene cublakcublak suweng ngemu teges wadhah kanggo nyimpen raja brana,ngoko
saben dina aku ditawani terus babagan kuwi nanging aku nora wani mangsuli kang saktemene,ngoko
geladhen keprajuritan warok iki sing didadekake beksan pratelane gondo,ngoko
lagu dolanan kuwi dadi salah sijine wujud tradhisi lisan kang diwarisake para leluhur,ngoko
beksan iki digawe kanggo nggenepi adicara festival kesenian reyog ponorogo,ngoko
gondo nyebutake ana saperangan gerakan kang nggunakake kolor sapi utawa diarani gamane warok,ngoko
simbah wus lunga cahyaning katon sumunar resik kaya ra kuwat rasaning ati nyawang lakon iki,ngoko
kang diarani warok iku nggambarake blegere utawa wujude,ngoko
yen kelingan nalikane simbah mangkat rasane kaya dene sinamber bledheg ing mangsa katiga,ngoko
kabeh bingung katambahan udane sansaya deres,ngoko
saknalika kaya wus ora kuwat ngampet tumetesing waspa prasasat jebol mring bendungan,ngoko
kowe kudu bisa pinter ya le,ngoko
dadiya pegawe,kramainggil
suk aku yen tuwa openana ya le,ngoko
ananging jarene freddy widya ariesta supaya bisa ngematake maknane tembang cublakcublak suweng ora bisa dimaknani ngono wae apa anane jroning basa indonesia,ngoko
eseming kang isih kaya kagambar lan kayakaya isih urip ana donya iki,ngoko
aku akeh sambat yen ana garapan sekolah aku mesthi kangelan amarga nora nduwe laptop,ngoko
nanging aku wus prasetya sawise mangkene aku kudu luwih pinter lan bisa nggayuh apa kang dadi angenangenku kanggo mujudake kabahagyan kang ana ing kulawargaku,ngoko
tansah mikirake kepiye anak putune tansah nyawiji nduweni rasa bungah lan bisa ngabekti mring piyambake,ngoko
lan apa kang ginaris dening gusti wus ngarani wus sinerat yen wektu dina iku simbah kondur ing ngarsa dalem gusti,ngoko
rumangsaku simbah kaya wong ayem rasane kaya turu kang jenak kepati beda nalika wengi,ngoko
aku dhewe bingung pak gek simbah lara kabeh gek kaya ngono iki kepiye,ngoko
nanging kahanane wong tuwaku kang wektu iku lagi nandhang susah,ngoko
seru lan banter anggonku nangis kejer kaya dakuntabake saknalika iku,ngoko
kamangka supaya tekan anggone nuju katentremaning urip kang sejati manungsa kudu nyingkiri rasa tresnane marang bandha donya,ngoko
sir swara ati pong dhele kopong dhele tanpa isi ngemu teges ora duwe ati utawa swara atine blas ora ana,ngoko
linambaran tangis lan kangen marang simbah aku nyerat iki kanggo mujudake apa kang dadi pawelinge supaya aku bisa nggayuh apa kang dadi angenangenku,ngoko
gondo ngarani bakune beksan kuwi yaiku adu gores utawa kempol adu tangan adu sirah utawa macanan lan sara gampa,ngoko
dadi sakabehing polah nalika mbabar beksan iku nggambarake watake warok ujare,ngoko
gek mbah kung wis katon pulih nanging kok mbah uti sansaya nemen malah kaya wong bingung gek njur merem wae wangsulanku karo sangga uwang,ngoko
dene gelenter tegese sumebar,kramainggil
bandha brana kang dadi golekane manungsa sejatine sumebar ing ngendiendi,ngoko
ananging manawa digatekake kebak rasa lan makna kang jero,ngoko
sunan giri banjur ngripta tembang cublakcublak suweng kang wusanane dadi tembang dolanan kanggo ngiring dolanan tradhisional bocah,ngoko
kena ngapa simbah kok tega lunga ninggalake aku,ngoko
regane laptop wae aku ora weruh mbah,ngoko
elingeling sedulursedulurku nora dibandhani kaya aku nalika sekolah,ngoko
simbah kok bali mrepegi aku ana kene,ngoko
nanging ya kuwi simbah bacut kapundhut sowan gusti nalikane aku isih kaya mangkene,ngoko
sanajan kebak bandha nanging bandha brana kuwi ora bisa nentremake ati lan uripe,ngoko
iki piye mas simbah kaya ngene gek nora paring wangsulan apaapa,ngoko
pitakonku banjur kakangku amung gedheggedheg sajake bingung,ngoko
rikala semana bab beksan krido warok diputusi saka sarujuke para seniman ing ponorogo,ngoko
sakbaliku ora watara suwe omahku wus kebak rame lan padha nata kursi,ngoko
wektu iku kang nandhang gerah yaiku simbah kakung ibu lan kakangku,ngoko
bisa nguwatake piwulang budaya bangsa ujare freddy widya ariesta ing jurnale kang dimot ing laman resmi binus university jakarta,ngoko
arep digawa menyang rumah sakit gek kahanane ngene iki kabeh,ngoko
wabah covid ing taun kaya dene pageblug kang saknyatane,madya
sakklebatan kaya weruh gegambaraning pawongan kang nora pangling maneh,ngoko
saliyane kuwi isih ana sing apik maneh,ngoko
tujuwan beksan krido warok diripta jalaran durung ana jinising beksan kang nggambarake blegere warok,kramainggil
cublakcublak suweng iku dolanan tradhisional kang kerep dinggo dolanan saperangan bocah wadon cacah telu utawa luwih,ngoko
amung simbah kakung kang nyumurupi banjur nggugah kakangku,ngoko
nalika kumandhanging khutbah jemuwah sarta kawimbuh sumiliring hawa kang ngayemake ati ana sajroning mesjid,ngoko
ora mung cakepan musike uga dicampur karo gamelan,ngoko
dadi isa dibayangke piye apike jejogedan musik rock sambi ngrungokne fragmen gamelan,ngoko
kudu bisa nglembah manah ora nyepelekake wong liya sarta bisa tanggap lan trep karo swara atine,ngoko
jeneng bathik wonogiren sansaya kondhang sawuse digiyarake bu tien soeharto garwane presiden soeharto kang asline uga saka wonogiri,ngoko
bathik iku budaya asli indonesia kang wus diakoni donya,ngoko
bathik indonesia uga wus ditetepake dening unesco minangka warisan kabudayan asli indonesia,ngoko
telung kutha kang kondhang gawe bathik yaiku pekalongan solo lan jogja,ngoko
nanging manawa gelem nggoleki bathik uga bisa ditemokake ing saperangan dhaerah ing jawa tengah,ngoko
salah sijine dhaerah sing gawe bathik yaiku kecamatan tirtomoyo kabupaten wonogiri,ngoko
dhaerah kang gawe bathik wonogiren ing kecamatan tirtomoyo iku sumebar ing limang desa yaiku desa tirtomoyo dlepih banyakprodo bedingin lan ngargoyoso,ngoko
bathik wonogiren tradhisi tirtomoyo isih ana sesambungane karo bathik keraton kang ana ing solo,ngoko
bathik wonogiren ing tirtomoyo iku bathik wonogiren asli,ngoko
kanjeng wonogiren mulang seni bathik marang warga tirtomoyo taun an,ngoko
kanjeng wonogiren uga ngajari tata cara mbathik saka pawitan nganti babaran,ngoko
bu tien soeharto nyandhang busana bathik wonogiren saben dina,ngoko
mula bathik wonogiren banjur dadi salah siji bathik kang disenengi masarakat,ngoko
bathik wonogiren mligine ana remukan jroning gambare,ngoko
remukan ing bathik wonogiren kuwi nganti saiki tetep dijaga lan ndadekake bathik wonogiren mirunggan,ngoko
bathik wonogiren tradhisi tirtomoyo meh padha karo bathik ing pura mangkunegaran utamane gambare,ngoko
sing mbedakake carane gawe,ngoko
wiwit mbiyen bathik wonogiren tradhisi tirtomoyo ngandhut gambargambar tradhisi,ngoko
warga kang ngrembakake payung bathik kuwi yaiku sularto utawa sing diparabi jeprik,ngoko
kanggo ngoyak pesenan payung bathik jeprik nganti ngingu pegawe wong,ngoko
enem wong gawe payung bathik ing omahe jeprik,ngoko
dene liyane nggarap saka omahe dhewedhewe,ngoko
sesasi wingi jeprik entuk pesenan nganti payung bathik,ngoko
ora beda karo bathik tulis umume carane mbathik payung uga nggunakake canthing,ngoko
mung wae warna sing digunakake yaiku cet,ngoko
maneka warna gambar bathik dioleske ing payung wiwit saka gambar bathik klasik nganti kontemporer,ngoko
aku mung nuruti panjalukane sing pesen,ngoko
saiki lagi padha gandrung gambar bathik kanthi warna sing ngejreng kaya gambar tiga negeri,ngoko
tukang bathik wiji lestari ngakoni mbathik payung luwih angel tinimbang mbathik kain,ngoko
upamane nganti kleru ngilangine repot lan angel,ngoko
mula nalika mbathik payung aja nganti gambare kleru piterange,ngoko
ki ageng gribig mulang agama islam ing dhaerah jatinom klaten,ngoko
miturut critane mula bukane tradhisi ya qowiyu nalika ki ageng gribig kondur saka nindakake ibadah kaji,ngoko
jeneng panganan kuwi asale saka tembung affun kang ateges pangapuran,ngoko
satekane jatinom ki ageng gribig banjur ngedum oleholeh arupa panganan marang para santrine,ngoko
tradhisi ya qowiyu kang kebak piwulang iku banjur diuriuri dening para santri lan ngrembaka nganti saiki,ngoko
saben taun ewunan nganti atusan ewu wong padha njujug tlatah jatinom saprelu melu ngregengake tradhisi ya qowiyu,ngoko
dene taun iki adicara nyebar apem ya qawiyu bakal dileksanakake ing lapangan klampeyan jatinom klaten jumat awan utawa sabubare salat jumat,ngoko
sasuwene ana covid rong taun kepungkur tradhisi sebar apem ya qowiyu sawetara dileksanakake tanpa ana uyukuyukan rebutan apem,ngoko
taun iki satengahing sasi september mengko sebar apem bakal diadani maneh kaya adate,ngoko
apem bakal disebar saka ndhuwur panggung sarta menara ing lapangan klampeyan,ngoko
sebaran apem iki dileksanakake maneh amarga covid wis rada mendha sisan kanggo ngelingi ki ageng gribig,ngoko
insyaallah bakal diadani maneh sebaran apem,ngoko
iki dudu ngimpi,ngoko
iki pancen kasunyatan sing kudu dak adhepi sanajan pait rasane,ngoko
ana sing ngundang aku,ngoko
anggonku mlaku ana ing koridor kelas iki banjur mandheg,ngoko
dumadakan wae ati tratapan samsaya cedhak samsaya ra karuwan rasa ing njero dhadha,ngoko
lintang bocah wadon sing celukceluk jenengku mau,ngoko
dak akoni wis suwe aku nyimpen rasa iki,ngoko
rasa kangen nek sedina wae ora krungu swarane,ngoko
lintang kancaku wiwit lulus sma nganti saiki bareng kuliyah neng universitas sing padha,ngoko
namung beda angkatan lan jurusan,ngoko
ah lintang polahmu isih kaya biyen ceplasceplos renyah kaya karak gorengane ibu,ngoko
aku mung isa mesem nyawang dheweke,ngoko
adhik tingkatku iki pancen suwesuwe gawe gemes atiku,ngoko
wes sida ketemu pak ari ta mas,ngoko
piye hasil revisine,kramainggil
wah nek mas janto mesthi ora nganggo revisi maneh ya mas,ngoko
wis lancar jaya ujare lintang njejeri lakuku,ngoko
dheweke ngerti wae nek dina iki jadwalku konsultasi karo dhosen killer pak ari,ngoko
ora kuwalik ta iki biyasane aku sing mbok kon mbayari,ngoko
bocah wadon ayu kuwi melu ngguyu,ngoko
dekik pipine samsaya cetha nambah manis olehe ngguyu,ngoko
tangane sing kebak buku kandel banjur diselehne ing meja kantin,ngoko
serius iki mas aku genten sing njajakne sampeyan,ngoko
wes ta ndang arep dhahar apa sisan ngunjuke mas,ngoko
nyawang sliramu aku wis ora luwe lan ngelak dhik,ngoko
sepisan maneh bathinku celathu namung isa dak batin ora isa kewetu,ngoko
manut sing njajakne wis aku manthuk pratandha sarujuk,ngoko
gegojegan karo lintang gawe ayem atiku,ngoko
sedhela isa nglalekake revisi skripsi bab papat saka pak ari,ngoko
sesuk isih ana wektu,ngoko
dak sawang bocah wadon sing lungguh neng sandingku iki nyambi ngelusi bukubukune,ngoko
jilbab werna biru sing dienggo nambah ayune,ngoko
durung weruh lin,ngoko
ning sing dak ajak durung gelem dhik,ngoko
sapa mas,ngoko
mbok aku ditepangne,ngoko
wong ngendi jenenge sapa,ngoko
jenenge lintang widyani,ngoko
kaya ombak mecah watu karang atiku rasane kemepyar,ngoko
namung isa nyebut jenenge saka njero ati,ngoko
gampang suk emben dak kenalne,ngoko
ayo mulih lin,ngoko
aku selak nggarap revisianku,ngoko
alesanku muga wae isa kanggo ngadem amuk rasa jiwaku,ngoko
aku pancen durung wani blaka babagan rasa tresna marang dheweke,ngoko
sanajan wis suwe anggonku kekancan karo lintang,ngoko
swasana kantin kampus wis lekas sepi,ngoko
aku sakloron banjur metu saka panggonan mau,ngoko
lintang bali menyang kelase aku dhewe mbacutne laku tekan perpustakaan,ngoko
kudu golek referensi tambahan kanggo ngompliti data,ngoko
rampung semester wolu iki aku kudu wis wisuda,ngoko
werna tanduran parine uga wis semburat kuning,ngoko
banjur digapit karo pring sing wis cumepak ana ing sandinge,ngoko
sawise digapit karo kayu banjur dipaku,ngoko
gegambaran swasana sawah amba kebak tanduran pari dumadakan liwat ing pikiran,ngoko
sawahe bapak pancen kapetung amba,ngoko
ana kirakira patang pathok,kramainggil
persis ana sisih kidul dhewe mepet kali proyek,ngoko
nek pas ora repot urusan kampus aku mesthi tansah sumadya ngewangi bapak,ngoko
dadi anak lanang sijisijine ana ing kulawarga iki aku kaya kudu bisa tumandang gawe ana ing araara,ngoko
wayah mopok galengan aku ya melu nyemplung gupak lendhut sawah,ngoko
wayah matun saben esuk aku nggawa sorok dak jepit ing boncengan pit onthel,ngoko
gowes bablas matun karo sangu sega pecel sing dak tuku saka nggone yu narti,ngoko
nek mung kulit dadi ireng merga kenek sorot srengenge aku wis ora kaget,ngoko
dadi kelingan ature pakde ratno biyen nalika isih sugeng,ngoko
rasah isin dadi anake wong tani,ngoko
ora ana tani apa bisa awake dewe mangan sega,ngoko
pakde ratno aweh semangat,madya
pancen bener arepa bisa tuku beras nanging nek ora ana petani lha arep sapa sing nggarap sawah,ngoko
sapa sing gelem gupak endhut lan panaspanasan ana ing ngisor sorot srengenge,ngoko
mula banjur aku manteb njupuk jurusan agrobisnis ing fakultas pertanian,ngoko
saliyane merga aku seneng nggulawenthah tanduran aku uga seneng babagan bisnis pertanian,ngoko
saliyane kuwi aku ya kepengin ngawujudake impenku wiwit biyen,ngoko
urip ana ing ndesa ning isa tetep produktif,madya
bisa paweh kabecikan tumrap lingkungan sekitar,ngoko
alonalon aku ngajak kanca karang taruna gawe bedhengan kanggo ngingu lele organik,ngoko
nganggo tanduran azola sing bisa digunakake kanggo pakan ternak,ngoko
budi daya lele organik iki pancen durung ana neng ndesaku,ngoko
mbok menawa uga aku bisa nyalon lurah,ngoko
nek iki pengangenangen sing kedhuwuren,ngoko
alonalon bentelan mau dak unggahne neng jok mburi montorku,ngoko
dina iki kudu rampung nancepne memedi manuk iki,ngoko
tali rafia sakgulung wis cemanthel neng ngisor setang montor,ngoko
mugamuga isa gawe buyar manuk emprit sing ora kapok anggone menclok,ngoko
sakgulung jala plastik ukuran kirakira sepuluh meter bakal dak jembreng ana sak ndhuwure pathok sawah,ngoko
ben kaya sawahe tangga ketutup jala amba,ngoko
tujuwane ya mung siji nyuda emprit sing ndhisiki manen woh pari,ngoko
saliyane alami wis akeh kang mbuktekake nek ngingu lele kanthi nggunakake tanduran azola kuwi luwih ngirit dhuwit,ngoko
tangan sepuh bapak isih kuwat njunjung bentelan pring sing wis dipasangi trontong tilas wadhah susu kang diisi krikil mau,ngoko
bar iki tugas kampus wis ngaweawe njaluk digarap,ngoko
watara seminggu sesuk aku ora bisa mbantu bapak,ngoko
skripsiku kudu ndang final,ngoko
lintang ki sapa ngger pitakone ibu,ngoko
awakku kaya ora nduwe daya,ngoko
arep ngobahne sirah nanging dumadakan krasa kaya mlebu ing puseran,ngoko
mubengmubeng banjur netraku nutup maneh,ngoko
aku durung bisa semaur,ngoko
janto isih mumet le,ngoko
awakmu semaput kawit wingi,ngoko
gur nyebut jeneng lintang wae,ngoko
tangane ibu ngusap rambutku,ngoko
ya allah aku lagi isa eling,ngoko
rong dina kepungkur sawise ketemu bocah wadon geganthilane atiku,ngoko
aku nggeblag saknalika krungu kabar sing gawe jantungku kaya oncat saka panggone,ngoko
undangan werna wungu sing diterake bima dhuh gawe remuk atiku,ngoko
lintang sing dak gadhanggadhang jebul mung isa dak sawang,ngoko
jodho pancen tan kena kinira,ngoko
lintang jebul arep dirabi ryan,ngoko
kancaku uga sak angkatan biyen jaman sma nanging beda sekolahan,ngoko
ora ana angin ora ana bledheg lha kok undangan sing dak waca iki wis gawe ambyar,ngoko
jaman semana prabu kelana sewandana saka kraton ing ponorogo kesengsem marang dewi sanggalangit saka kediri,ngoko
prabu kelana sewandana banjur ngutus bujang ganong menyang kediri nanging ora bisa kasil,ngoko
tresna ora salah,ngoko
sing salah kuwi anggonku ngampet rasa sing kebacuten,ngoko
watara semenit aku bolabali unjal ambegan,ngoko
sawise rada katrem dak coba tangi,ngoko
dak sendhekne gegerku ana ing tembok kamar,ngoko
istighfar bolabali dak ucapne,madya
astaghfirullah sepisan maneh lambeku ngucap dikir,ngoko
manawa sasisasi liyane ya paling banter njamas lima nganti pusaka,ngoko
kosokbaline manawa sura bisa nganti atusan wilah pusaka ujare gondo nalika ditemoni soloposcom ing daleme kemis,ngoko
tata cara njamas pusaka jarene gondo bisa mangan wektu telung dina nganti limang dina gumantung abotentenge teyeng ing wilah,ngoko
saliyane kuwi ana tata cara liya sing ora mung awates ngumbah utawa ngresiki pusaka,ngoko
ana dongadonga mligi kang disuwun kanggo ngresiki njeron pusaka,ngoko
gondo njlentrehake tata cara njamas pusaka iku diwiwiti kanthi cara nyopot wilah saka wadahe,ngoko
sabanjure dikum banyu kang wus dicampur kembang telon,ngoko
kembang telon kuwi dadi simbol ruh jiwa lan badan,ngoko
saliyane iku nuduhake anane telung materi yaiku wesi waja lan pamor jroning wilah,ngoko
sawuse dikum banyu kembang telon pusaka banjur dikum maneh nanging nganggo fermentasi banyu degan,ngoko
tujuwane kanggo nglorot teyengteyeng sing maune nemplek ing pusaka kuwi,ngoko
umume banyu fermentasi kuwi nganggo campuran banyu degan lan jeruk nipis utawa woh pace ujare,ngoko
miturut gondo anggone ngekum pusaka kuwi bisa mangan wektu sedina wutuh nganti telung dina gumantung teyenge,ngoko
sawuse iku banjur diputihke nganggo arsenic trioxide aso,ngoko
mula kuwi pamor utawa motif ing pusaka iku bakal cemlorot maneh,ngoko
sawuse pamore metu pusaka banjur diborehi lenga,ngoko
gondo ngarani opahe njamas pusaka gumantung gedhecilike pusaka lan panjaluke sing duwe pusaka,kramainggil
nanging ratarata opahe sakgarapan njamas pusaka rp nganti luwih saka rp,ngoko
opahe bedabeda nanging aku ya ora saklek,ngoko
ana sing sak pusaka wae bayarane nganti atusan ewu piterange,ngoko
gondo wus suwe nggiluti katrampilan dadi tukang jamas pusaka udakara wus taun,ngoko
ora mung awates njamas pusaka gondo uga dadi pewarang lan meranggi tukang gawe warangka pusaka,ngoko
mula kuwi gondo ngrumangsani kudu bisa njamas pusaka,ngoko
tujuwane supaya pusaka bisa resik njaba njerone,ngoko
sadurunge lan sawuse digawekake warangka pusaka iku kudu dijamas ujare gondo,ngoko
dina iki lemes atiku jenengku klebu salah sijining daptar pegawe sing kena phk,ngoko
wiwit sesuk wis ora prelu mlebu nyambut gawe,ngoko
ya pancen oleh pesangon nanging ora sepiraa,ngoko
durung suwe anggonku dadi buruh ing pabrik tekstil iki kok ya ana wae alangane,ngoko
mbiyen nyambut gawe neng toko kayu ya mandeg tokone kukut,madya
pancen angel golek gaweyan wis oleh beras sak thekem kudu bolong takire,ngoko
mas wukir mbok aku dikancani neng daleme mbah carik swarane riris sore iki rada ngleremke pikir,ngoko
sapa sing ora lerem yen sing ngundang jenengmu kuwi kenya manis kinyiskinyis,ngoko
ana apa ta kok sowan mbah carik,ngoko
riris mesem dhuuhh samsaya bungah rasane atiku,ngoko
saben slasa karo kemis sore aku ngrewangi mbah carik karo sinau,ngoko
gelem ya mas wukir,ngoko
aku manthuk,ngoko
ora suwe riris wis ngethapel ana ing goncengan pit montor sing durung rampung lebone,ngoko
mesakake riris yen kudu mlaku dhewe,ngoko
mlebu latar daleme mbah carik wis ana bocahbocah cilik sing nyekel buku,ngoko
ana sing cekikikan dhewe ana sing nggambar ana sing nata bukune kancane ana sing rebutan,ngoko
kulanuwun mbah carik,madya
bocahbocah cilik iku padha sumringah weruh riris,ngoko
mbah carik mbukak lawang tengah karo nggawa kerdhus gage aku mbiyantu jupuk kerdhus iku saka mbah carik sing wis sepuh,ngoko
daleme mbah carik ora adoh saka omahku nanging yen mlaku ya kudu liwat kreteg sing saben wayah surup rada ndrawasi,ngoko
weehh kowe ta kir kadingaren ngetok,madya
mbah carik katon bungah,ngoko
nggih mbah wau ngrencangi riris,madya
wonten acara napa ta mbah,madya
kok rame,kramainggil
mbah carik malah ngguyu keprungu pitakonku,madya
karo rada nggablog gegerku mbah carik lenggah,ngoko
wis setaun kepungkur omahku iki dadi jujugan bocahbocah sing padha gelem sinau lan maca buku,ngoko
emaneman yen bukubuku sing ana ing lemari gedhe kae mung aku sing isa maca,ngoko
mbah carik niku kados perpustakaan desa mas wukir riris semaur karo nggawa buku pirangpirang,ngoko
wis seminggu uga aku nyilih bukubukune mbah carik,ngoko
kabeh bab tandur lan ternak,ngoko
wis seminggu aku nganggur nanging ora suwuk,ngoko
kayakayane aku mathuk lan yakin modhal saka pesangon wis manteb arep dak cakake mrintis ing pangudi,ngoko
kir kowe ya aja kalah karo bocahbocah cilik kae,ngoko
ayo jupuka siji buku sing mbok senengi wacanen,ngoko
sesuk aku pengen ngerti tekan ngendi anggonmu mudheng karo buku sing mbok waca iku,ngoko
mbah carik katon padhang tuking uripe,ngoko
owalah lega atiku yen riris durung ana sing nembung,ngoko
kuwi mau kabeh saka anane buku,ngoko
aku manthukmanthuk,ngoko
migunani yen awak dhewe gelem ndhudhah isi sajroning bukubuku kuwi,ngoko
riris ngetokake kothak plastik isine bakpao,ngoko
mangga dipuncobi kirang punapa mangke kula dipunsanjangi riris uga nawani aku,ngoko
dhik kok sajak sregep maca buku resep apa wis ana sing nembung ta aku takon,ngoko
weruh aku lungguh ing ngisor wit pete riris melu nglemprak,ngoko
riris crita yen daleme mbah carik sasi ngarep arep dikukuhake karo pak camat dadi rintisan taman baca desa carikan,ngoko
badhe nyuwun priksa,kramainggil
saperangan wektu kliwat samsaya akeh bocahbocah tangga desa kang melu amor,ngoko
mbah carik dhewe wis seda nanging melu menangi bukubuku koleksine dadi bibit taman waca ing desa carikan,ngoko
wukir wis manteb dadi tani woh naga lagi ngenteni panen,ngoko
sasi ngarep iku aku uga oleh pesenan snack kanggo tamu,ngoko
buku resep lawas iku uga ora njlimet gampang,ngoko
aku neng kene ris,ngoko
endah penake urip kaya mbah carik ayem,madya
ora aku mung mbayangake yen dadi mbah carik kae katon ayem,ngoko
buku iku tibake ora ana tembung amoh apa maneh lawas lan kuna,ngoko
riris mesem ayu banget,ngoko
sing kanggo taman baca ya mung pendhapa dadi lemarilemari gedhe kabeh saiki metu ana ing pendhapa,ngoko
lha terus mbah carik lenggah ngendi dhik,ngoko
mbah carik lenggahe tetep ing paviliun mburi sing sanding kebon lan tanduran apotek hidup kae,ngoko
nanging arep dadi tani wae bukubuku sing dak silih iku pancen kebak mupangate,ngoko
saka bukune mbah carik uga aku saiki dadi nduwe karep ora mburuh maneh,ngoko
jaman semana mbah carik lak wis nate sekolah ing negara landa,ngoko
lemarilemari gedhe wis diresiki,ngoko
iki mau aku mampir maneh kanggo nyiapake sasi ngarep,ngoko
bukubukune mbah carik iku tibake akeh tenan,ngoko
bocah sakloron iku dadi conto liyane yen diphk rasah wedi anggere sregep maca lan usaha ngupaya upa,ngoko
riris wis nduwe usaha katering snack sing ngrewangi kancakancane,ngoko
iki kabeh saka riris yen jaman semana wukir ora ngesir kenya manis iku ora bakal melu sregep ngeterake neng daleme mbah carik,ngoko
wukir saiki uga melu dadi sukarelawan nunggoni taman waca gentenan karo liyane,ngoko
bukubuku sing ana ing perpustakaan mandiri kuwi samsaya renarena saya komplit akeh lan dadi jujugan bocah sekolah yen nggarap tugas saka gurune,ngoko
karo nyicil tuku iki kuwi kayata pring lan liyane nyicil macul lan nyirami mbesiki lan ndangir,ngoko
kebon mburi arep dak tanduri winih kates mboyolali ngarep arep dak gawe parapara kanggo winih woh naga merah,ngoko
ibu sing isih nunggu ing pinggir dipan banjur ngadeg njupuk sak gelas teh anget sing wes sumadya ing nakas,ngoko
kaya aziz sak kanca nek mbok tinggal ngurusi kolam lele organikmu kuwi apa ya isa,ngoko
alhamdulillah kula sampun lulus pak bu,madya
kanthi rasa bungah dak rangkul wong tuwaku sakloron,ngoko
kados dereng saged nampi kasunyatan niki nek karo bapak aku ora bisa goroh,ngoko
bocah enom saiki racake akeh sing lali karo kabudayane dhewe,ngoko
lha ning nek bapak biyen sida lunga ora ana maneh sing bakal nerusne garapan sawahe kakungmu,ngoko
sampun damel ibu kuwatir,madya
